---,SkillEffectID,StatusEffectID,FlightType,HitType,Speed,Lifetime,Amount,Range,CoolDown,ExpireCondition
1,EFFECT_FIREBALL,STATUS_BURN,EXPLODE,AREA,800,5,30,400,4,OnExplosion
2,EFFECT_ICEBALL,STATUS_FREEZE,ARC,AREA,600,4,20,800,5,OnExplosion
3,EFFECT_LIGHTNING,STATUS_SHOCK,HOMING,SINGLE,1200,5,15,500,3,OnHit
4,EFFECT_ARROW,None,LINEAR,SINGLE,1500,3,25,400,4,OnHit
5,EFFECT_PIERCE,None,PIERCE,PIERCE,1000,3,20,600,5,OnPierceCount
6,EFFECT_HOMING_ARROW,None,HOMING,SINGLE,1200,5,10,450,6,OnHit
7,EFFECT_INSTANT_HEAL,None,LINEAR,SINGLE,0,0,50,0,3,OnHit
8,EFFECT_DURATION_HEAL,None,LINEAR,SINGLE,0,0,15,0,4,OnHit
9,EFFECT_DEBUFF_POISON,None,LINEAR,SINGLE,0,0,10,600,5,OnHit
